                  epoch,         train/box_loss,         train/cls_loss,         train/dfl_loss,   metrics/precision(B),      metrics/recall(B),       metrics/mAP50(B),    metrics/mAP50-95(B),           val/box_loss,           val/cls_loss,           val/dfl_loss,                 lr/pg0,                 lr/pg1,                 lr/pg2
                      1,                 1.2891,                 2.6421,                  1.811,                 0.5295,                0.40271,                0.56354,                0.29539,                 1.7969,                    3.3,                  2.577,             0.00054863,             0.00054863,             0.00054863
                      2,                 1.2651,                 2.2429,                 1.7897,                0.39962,                0.51458,                0.43349,                0.18629,                 1.8912,                 3.8394,                 2.5577,             0.00088565,             0.00088565,             0.00088565
                      3,                 1.2357,                 2.1291,                 1.7304,                0.72466,                0.46421,                0.57855,                0.23141,                 1.7154,                 3.1723,                 2.7464,              0.0010026,              0.0010026,              0.0010026
                      4,                 1.1813,                 1.9452,                 1.7203,                0.65102,                0.70391,                 0.7832,                0.51965,                 1.0695,                 2.4684,                 1.8171,              0.0006768,              0.0006768,              0.0006768
                      5,                 1.1273,                 1.8326,                 1.6496,                0.85649,                0.66969,                0.91213,                0.59269,                 1.1114,                 2.6069,                 1.8431,              0.0006768,              0.0006768,              0.0006768
